{
    "n_layers": 3,
    "start_index": 0,
    "stop_index": null,
    "debug_save": false,
    "thread_count": 31,
    "use_fixed_norm": true,
    "fixed_fade_distance": 25.0,
    "input_folder": "X:/0-STACKS/IN/40um Reference Y - No AA/40um Reference Y - No AA - Headsplitter - Gale - Pucks - RP",
    "output_folder": "X:/0-STACKS/merged-stackers/test3-flash-LD-3-25px-exp(LUT)-bilateral",
    "xy_blend_pipeline": [
        {
            "type": "apply_lut",
            "gaussian_ksize_x": 3,
            "gaussian_ksize_y": 3,
            "gaussian_sigma_x": 0.0,
            "gaussian_sigma_y": 0.0,
            "bilateral_d": 9,
            "bilateral_sigma_color": 75.0,
            "bilateral_sigma_space": 75.0,
            "median_ksize": 5,
            "unsharp_amount": 1.0,
            "unsharp_threshold": 0,
            "unsharp_blur_ksize": 5,
            "unsharp_blur_sigma": 0.0,
            "resize_width": null,
            "resize_height": null,
            "resample_mode": "LANCZOS4",
            "lut_params": {
                "lut_source": "file",
                "lut_generation_type": "linear",
                "gamma_value": 1.0,
                "linear_min_input": 0,
                "linear_max_output": 255,
                "s_curve_contrast": 0.5,
                "log_param": 10.0,
                "exp_param": 2.0,
                "sqrt_param": 1.0,
                "rodbard_param": 1.0,
                "fixed_lut_path": "C:/src/App-Blend-Slices/saved_luts/LUT-X-EXP-XX.json"
            }
        },
        {
            "type": "bilateral_filter",
            "gaussian_ksize_x": 3,
            "gaussian_ksize_y": 3,
            "gaussian_sigma_x": 0.0,
            "gaussian_sigma_y": 0.0,
            "bilateral_d": 9,
            "bilateral_sigma_color": 75.0,
            "bilateral_sigma_space": 75.0,
            "median_ksize": 5,
            "unsharp_amount": 1.0,
            "unsharp_threshold": 0,
            "unsharp_blur_ksize": 5,
            "unsharp_blur_sigma": 0.0,
            "resize_width": null,
            "resize_height": null,
            "resample_mode": "LANCZOS4",
            "lut_params": {
                "lut_source": "generated",
                "lut_generation_type": "linear",
                "gamma_value": 1.0,
                "linear_min_input": 0,
                "linear_max_output": 255,
                "s_curve_contrast": 0.5,
                "log_param": 10.0,
                "exp_param": 2.0,
                "sqrt_param": 1.0,
                "rodbard_param": 1.0,
                "fixed_lut_path": ""
            }
        }
    ]
}